dataset,domain,method,repetitions,known_images_min,known_images_max,unknown_images_min,unknown_images_max,known_frr_mean,known_frr_std,unknown_recall_mean,unknown_recall_std,novel_unknown_recall_mean,novel_unknown_recall_std,known_closed_accuracy_mean,known_closed_accuracy_std,known_correct_accepted_mean,known_correct_accepted_std,auroc_unknown_mean,auroc_unknown_std,known_macro_frr_mean,known_macro_frr_std,unknown_macro_recall_mean,unknown_macro_recall_std
Local reviewed,calibration_reference,Seq Memory,1,4281,4281,123,123,0.23452464377481896,0.0,0.9024390243902439,0.0,,,0.9215136650315346,0.0,0.7507591684185938,0.0,0.9156492195615719,0.0,0.3533940280193014,0.0,0.9127906976744186,0.0
Local reviewed,calibration_reference,Within-Seq single,1,4281,4281,123,123,0.4022424667133847,0.0,0.9024390243902439,0.0,,,0.9247839289885541,0.0,0.592618547068442,0.0,0.8776328758382188,0.0,0.4940922086082022,0.0,0.8992248062015505,0.0
Local reviewed,test,Seq Memory,3,2182,2456,59,66,0.1576560489659978,0.0352325957549232,0.7722618130457114,0.06259704895646942,0.7000000000000001,0.01428571428571429,0.9232971685772052,0.0072305343320184295,0.8181864116588647,0.029016819701117358,0.9049397602716983,0.020023343987076128,0.2712451497071961,0.043387821555825545,0.8340264949370552,0.05814602042233541
Local reviewed,test,Within-Seq single,3,2182,2456,59,66,0.33929457472151686,0.15088001105273366,0.8659155110426298,0.07047256182267884,0.8793650793650793,0.01099714798456426,0.9282325077150064,0.0083284142804773,0.6505556378097609,0.14296607245749113,0.8660177479512804,0.030270622657364434,0.44412411797921664,0.14516240998845048,0.8573635057471264,0.06967910317893719
Local reviewed,test,Seq Memory + sequence mean (control),3,2182,2456,59,66,0.14584823137642125,0.020894174737273747,0.7777537022770074,0.044786690290200666,0.6904761904761904,0.008247860988423195,0.9232971685772052,0.0072305343320184295,0.8287727308771059,0.017486397490311216,0.9067223372723677,0.018662431377739118,0.2533593649730559,0.012435896822799638,0.8265997023809524,0.03473170531995802
Local reviewed,test,Within-Seq sequence,3,2182,2456,59,66,0.33848024247395986,0.14951344489889207,0.8653162985790104,0.07977718187316725,0.8793650793650793,0.01099714798456426,0.9282325077150064,0.0083284142804773,0.6513699700573179,0.14159312382434364,0.8701106177950142,0.027056988007380246,0.4438231794247212,0.1446907690298354,0.8574627120963326,0.07125854202040047
iWildCam,test,Seq Memory,3,1501,1580,376,507,0.5352857390013738,0.043680794429517805,0.8954419451555294,0.023755522105288602,0.8959987335466083,0.055074737478046885,0.6904050193612451,0.0018529104213446067,0.4339184353084527,0.04247439955497303,0.7748893636426374,0.00473737029260961,0.48530477736744443,0.03023729558176152,0.9063664323137731,0.007620957110597362
iWildCam,test,Within-Seq single,3,1501,1580,376,507,0.45501785650357124,0.04119038638475686,0.8853095667743786,0.04698619725292298,0.8733951512588228,0.05175517073639032,0.6985685772034372,0.0006922655087696382,0.5157877906557977,0.028215840210151118,0.793495498622609,0.008046936308774956,0.3900924092610735,0.026149095462454277,0.9132351101403966,0.04105663708623215
iWildCam,test,Seq Memory + sequence mean (control),3,1501,1580,376,507,0.5352857390013738,0.043680794429517805,0.8954419451555294,0.023755522105288602,0.8959987335466083,0.055074737478046885,0.6904050193612451,0.0018529104213446067,0.4339184353084527,0.04247439955497303,0.7748893636426374,0.00473737029260961,0.48530477736744443,0.03023729558176152,0.9063664323137731,0.007620957110597362
iWildCam,test,Within-Seq sequence,3,1501,1580,376,507,0.45501785650357124,0.04119038638475686,0.8853095667743786,0.04698619725292298,0.8733951512588228,0.05175517073639032,0.6985685772034372,0.0006922655087696382,0.5157877906557977,0.028215840210151118,0.793495498622609,0.008046936308774956,0.3900924092610735,0.026149095462454277,0.9132351101403966,0.04105663708623215
CCT20,cis_test,Seq Memory,3,5195,5502,2884,3193,0.31188968233387443,0.03434049025885278,0.9006667790021822,0.02208517515492628,0.8739458074257415,0.05116768970932876,0.8379796137758353,0.017487829462914394,0.6683872802108354,0.02734176553995102,0.8722023444061969,0.019768249394506957,0.3106186464955085,0.03740142188187855,0.8916628463776263,0.03980719273823377
CCT20,trans_test,Seq Memory,3,5005,5432,2896,3323,0.45972665109109023,0.0391002946667432,0.9138683578954178,0.025198436656454336,0.8752410442492836,0.04055009900215389,0.7459967790819642,0.02534559379881235,0.5254461994060301,0.027970368252493428,0.7984878149049285,0.038930189394586194,0.5177391815422486,0.06471096442753814,0.9046841373044706,0.023974814564625177
CCT20,cis_test,Within-Seq single,3,5195,5502,2884,3193,0.3721976889267277,0.08793352310240901,0.9169696192389273,0.044641556465132286,0.8975521483049308,0.08177249562147079,0.8294021747375554,0.00855258374004928,0.5936305178971839,0.07618637156205976,0.8556380135120828,0.01104899020759312,0.3698905070309982,0.0992975554898072,0.9188108736184105,0.04657861789641432
CCT20,trans_test,Within-Seq single,3,5005,5432,2896,3323,0.5737828171290199,0.07505314690557587,0.9406212515138952,0.03223562836724461,0.9265139745544891,0.047899147784418394,0.7506827520083773,0.01782550615187144,0.4106326782703749,0.06438893363998135,0.7787727254980621,0.025237110215020748,0.6199889357491964,0.1143414115771749,0.9388795090286691,0.025602870510316515
CCT20,cis_test,Seq Memory + sequence mean (control),3,5195,5502,2884,3193,0.24799694376061407,0.028735657047105564,0.9168963158463775,0.01455395871351339,0.9057407685745847,0.05146999620347947,0.8379796137758353,0.017487829462914394,0.7102313773256784,0.022577343699930807,0.9063666430204801,0.015013703344707998,0.24898925468277708,0.03304409177875902,0.9088871282615721,0.030813400940421887
CCT20,trans_test,Seq Memory + sequence mean (control),3,5005,5432,2896,3323,0.4106721534741414,0.03828525962326549,0.9215801154328469,0.03344100210910295,0.9023601443348799,0.04185818309564151,0.7459967790819642,0.02534559379881235,0.5507871173928595,0.028438765435205456,0.842459772640935,0.03814020708232796,0.4706642931909655,0.0738505920715041,0.9082662924005328,0.03772302845527123
CCT20,cis_test,Within-Seq sequence,3,5195,5502,2884,3193,0.3233860100561354,0.11633281939459657,0.927292737990654,0.04988317195908301,0.9084305566842246,0.06951644372738129,0.8294021747375554,0.00855258374004928,0.6271766044196647,0.09676824592659115,0.895656241988915,0.014806791085264451,0.32031666678467513,0.1284880127944026,0.9261935844900382,0.05314921330557247
CCT20,trans_test,Within-Seq sequence,3,5005,5432,2896,3323,0.5501848063857757,0.09407112713063774,0.9628725836271609,0.024155585294965344,0.9606155304044924,0.0266968587209314,0.7506827520083773,0.01782550615187144,0.42934409445375893,0.07929463603504472,0.825855991237148,0.027607312905651535,0.600726128442045,0.12844157817884927,0.9649781272848618,0.01852506221602895
